findlay_butler@hr.yahoo.com, Fbutler2-hr, Fbutler11189179
cain_mosley@finance.yahoo.com, Cmosley4-finance, Cmosley82589836
donna_beltran@accounting.yahoo.com, Dbeltran6-accounting, Dbeltran77874441
sian_ramirez@sales.yahoo.com, Sramirez3-sales, Sramirez16451457
angelo_fulton@it.yahoo.com, Afulton6-it, Afulton97991267
daniyal_castro@ops.yahoo.com, Dcastro8-ops, Dcastro13225387
cayden_morrison@purchasing.yahoo.com, Cmorrison4-purchasing, Cmorrison33844734
amir_haney@randd.yahoo.com, Ahaney7-randd, Ahaney42134144
olive_fowler@production.yahoo.com, Ofowler9-production, Ofowler65477577
ernest_bauer@marketing.yahoo.com, Ebauer5-marketing, Ebauer39635396
isla_burnett@leadership.yahoo.com, Iburnett8-leadership, Iburnett94332182
albert_velazquez@sales.yahoo.com, Avelazquez1-sales, Avelazquez22147822
filip_donovan@it.yahoo.com, Fdonovan7-it, Fdonovan65957394
hamza_crawford@ops.yahoo.com, Hcrawford6-ops, Hcrawford76467187
astrid_obrien@purchasing.yahoo.com, Aobrien9-purchasing, Aobrien49928975
milan_odling@randd.yahoo.com, Modling6-randd, Modling82992835
ruairi_stevenson@production.yahoo.com, Rstevenson5-production, Rstevenson42221159
ria_bonner@marketing.yahoo.com, Rbonner2-marketing, Rbonner25178983
ela_hicks@leadership.yahoo.com, Ehicks6-leadership, Ehicks57512568
aron_bean@finance.yahoo.com, Abean1-finance, Abean55882488
woody_gardner@accounting.yahoo.com, Wgardner5-accounting, Wgardner54136163
clyde_stokes@sales.yahoo.com, Cstokes1-sales, Cstokes15425112
samantha_harrison@it.yahoo.com, Sharrison6-it, Sharrison51315128
gina_mason@finance.yahoo.com, Gmason1-finance, Gmason54491862
hollie_vance@accounting.yahoo.com, Hvance9-accounting, Hvance66581218
tillie_villa@sales.yahoo.com, Tvilla2-sales, Tvilla67546196
jacqueline_dean@it.yahoo.com, Jdean4-it, Jdean79475699
xavier_vaughn@finance.yahoo.com, Xvaughn6-finance, Xvaughn93712388
elif_pace@accounting.yahoo.com, Epace3-accounting, Epace93167529
thalia_duran@sales.yahoo.com, Tduran3-sales, Tduran77288494
lacey_fields@it.yahoo.com, Lfields7-it, Lfields64643145
abi_hamilton@accounting.yahoo.com, Ahamilton7-accounting, Ahamilton14115155
carys_ward@sales.yahoo.com, Cward2-sales, Cward54267824
philippa_velez@accounting.yahoo.com, Pvelez5-accounting, Pvelez79163897
annie_chen@sales.yahoo.com, Achen9-sales, Achen41849285
rhonda_sears@accounting.yahoo.com, Rsears3-accounting, Rsears23186859
casey_bullock@sales.yahoo.com, Cbullock7-sales, Cbullock62318337
jak_garner@sales.yahoo.com, Jgarner1-sales, Jgarner12946274
abbas_hines@accounting.yahoo.com, Ahines9-accounting, Ahines93754988
amira_gill@sales.yahoo.com, Agill5-sales, Agill91126189
jaime_watkins@accounting.yahoo.com, Jwatkins5-accounting, Jwatkins48576749
noor_mccall@sales.yahoo.com, Nmccall1-sales, Nmccall84148545
jasper_norris@ops.yahoo.com, Jnorris4-ops, Jnorris45847566
olivier_roach@ops.yahoo.com, Oroach9-ops, Oroach74957334
dhruv_callahan@ops.yahoo.com, Dcallahan8-ops, Dcallahan36926875
anjali_meyer@hr.yahoo.com, Ameyer3-hr, Ameyer29683541
mae_noble@hr.yahoo.com, Mnoble9-hr, Mnoble28141697
brogan_fitzpatrick@hr.yahoo.com, Bfitzpatrick3-hr, Bfitzpatrick65581449
haris_clayton@hr.yahoo.com, Hclayton3-hr, Hclayton46254215
